territorio,anno,area,codice_istat,Generale,Contesto,Bambini,Donne,Contesto|Ambiente,Contesto|Abitazione,Contesto|Evoluzione digitale,Contesto|Sicurezza e protezione,Contesto|Violenza contro donne e bambini,Bambini|Salute,Bambini|Istruzione,Bambini|Povertà educativa,Bambini|Capitale umano,Bambini|Capitale economico,Donne|Salute,Donne|Educazione,Donne|Opportunità economiche,Donne|Conciliazione vita-lavoro,Donne|Partecipazione politica,1,2,3,4,5,6,7,8,9,10,11,12,13,14,15,16,17,18,19,20,21,22,23,24,25,26,27,28,29,30
Abruzzo,2018,Sud,13,50.9,68.6,52.0,37.0,69.5,87.3,60.1,61.2,68.0,45.4,65.3,37.6,71.4,47.8,49.4,50.5,24.8,63.6,17.7,13.37636986301369,463.0,9.1,16.2,62.3,17.2,0.5,9.1,0.19715961993540065,27.9961359657067,29.9,3.01,31.7,37.8,8.4,8.9,66.7,27.9,31.1,25112.592402178914,66.0,55.7,29.2,6.8,24.5694108248437,31.1,23.0,80.6,23.8,6.5
Abruzzo,2019,Sud,13,54.0,69.4,51.4,44.1,73.6,88.0,69.8,61.4,58.2,43.8,64.3,35.0,75.9,48.2,50.9,60.3,28.5,68.1,27.9,11.875,463.0,11.9,12.0,67.2,21.5,0.5,9.0,0.4518814082432207,27.9961359657067,31.2,3.01,33.0,38.4,9.9,9.5,67.7,31.8,31.1,25388.41410082479,66.3,56.5,36.5,7.6,22.5096543761741,31.1,23.9,87.9,23.8,16.1
Abruzzo,2020,Sud,13,55.0,76.0,48.5,45.2,74.8,85.1,67.9,79.4,73.8,39.4,64.3,32.8,70.8,45.7,59.5,58.8,27.6,69.7,27.9,11.875,454.0,12.9,16.9,63.4,21.5,0.2,5.5,0.15152146490952276,23.31687379406212,30.1,2.8,33.0,38.4,10.1,7.4,67.9,26.4,30.9,23547.369047766988,66.9,61.4,36.9,7.0,22.8090762982458,30.9,25.4,88.1,23.8,16.1
Abruzzo,2021,Sud,13,53.5,72.2,46.5,45.5,74.8,85.8,70.2,77.2,56.3,39.4,60.2,37.2,51.0,48.5,55.9,67.7,28.5,64.6,27.9,11.875,454.0,10.3,18.0,68.1,21.5,0.2,6.5,0.30605889491314814,36.96979207532365,30.1,2.8,36.0,43.6,8.0,7.4,68.3,5.6,30.9,25489.350661712942,66.8,59.3,37.6,9.6,22.3088272234227,30.9,25.4,77.8,23.8,16.1
Abruzzo,2022,Sud,13,54.5,72.2,46.6,48.3,74.8,85.8,70.2,77.2,56.3,39.4,60.6,37.2,51.0,48.5,55.9,67.7,28.5,64.6,37.5,11.875,454.0,10.3,18.0,68.1,21.5,0.2,6.5,0.30605889491314814,36.96979207532365,30.1,2.8,35.6,43.1,8.0,7.4,68.3,5.6,30.9,25489.350661712942,66.8,59.3,37.6,9.6,22.3088272234227,30.9,25.4,77.8,30.76923076923077,16.1
Basilicata,2018,Sud,17,46.6,68.9,42.6,34.3,91.9,91.4,56.4,54.8,59.8,23.5,57.2,34.0,69.3,44.5,48.1,57.3,25.6,53.4,12.7,10.4351104276139,356.0,4.6,12.6,58.7,16.1,1.1,5.1,0.230511279781337,36.333628057765985,29.0,2.16,38.2,47.4,11.0,11.1,61.4,29.3,31.7,22955.945754279604,64.5,55.4,30.3,8.6,24.7287355181543,31.7,16.7,73.1,15.4,
Basilicata,2019,Sud,17,43.3,74.8,39.5,27.5,91.6,92.5,58.5,83.2,56.8,16.5,58.5,33.2,68.2,44.3,44.3,57.3,23.0,61.9,4.38,10.6,355.0,4.9,10.1,57.1,17.8,0.2,3.8,0.230511279781337,40.11644797366,32.4,2.05,37.9,45.2,11.7,11.9,62.7,27.3,31.5,22795.42336211549,66.1,52.7,35.0,7.1,25.9703480143641,31.5,20.5,82.3,15.4,4.8
Basilicata,2020,Sud,17,41.3,71.1,35.9,27.6,93.1,92.9,55.7,73.7,51.4,15.3,58.5,24.9,64.0,41.6,52.9,51.6,22.8,58.9,4.38,10.6,344.0,4.9,9.3,51.4,17.8,0.5,3.5,0.230511279781337,46.723798437132345,33.6,2.06,37.9,45.2,13.6,6.7,63.3,22.5,31.3,20815.053630735612,66.7,57.6,30.3,6.8,25.8744739604676,31.3,21.5,74.4,15.4,4.8
Basilicata,2021,Sud,17,43.0,75.4,36.0,29.3,93.1,92.5,60.7,74.6,62.4,15.3,53.6,35.2,46.4,45.4,48.9,67.9,25.2,59.3,4.38,10.6,344.0,6.8,8.2,61.4,17.8,0.5,3.1,0.230511279781337,33.15715604334467,33.6,2.06,41.2,51.5,8.7,6.7,63.3,4.3,31.3,23470.294905174,65.1,55.7,35.6,10.3,24.5717451827728,31.3,21.5,75.2,15.4,4.8
Basilicata,2022,Sud,17,41.9,75.4,36.3,26.9,93.1,92.5,60.7,74.6,62.4,15.3,55.5,35.2,46.4,45.4,48.9,67.9,25.2,59.3,2.85,10.6,344.0,6.8,8.2,61.4,17.8,0.5,3.1,0.230511279781337,33.15715604334467,33.6,2.06,40.0,48.9,8.7,6.7,63.3,4.3,31.3,23470.294905174,65.1,55.7,35.6,10.3,24.5717451827728,31.3,21.5,75.2,14.285714285714285,4.8
Calabria,2018,Sud,18,40.5,54.3,33.6,36.4,79.6,77.1,46.4,40.3,41.1,30.7,46.9,12.9,58.9,39.0,45.8,40.0,21.8,41.0,39.1,12.33615015681607,409.0,6.2,39.6,51.7,12.2,1.8,5.7,0.2667275694616938,57.50891124275367,33.8,2.64,48.0,58.3,20.0,8.3,54.2,23.6,26.6,17259.730806005944,65.6,53.7,22.4,5.6,22.0430476358504,26.6,11.0,59.8,41.9,3.2
Calabria,2019,Sud,18,42.4,60.5,35.7,35.4,81.5,82.5,54.5,44.6,49.6,36.5,46.0,14.9,59.0,39.3,36.4,40.7,19.4,49.5,39.1,11.92307692307692,403.0,3.8,31.2,52.8,16.7,1.6,5.3,0.20613605185558523,50.15576122644192,29.9,2.68,49.0,59.0,18.9,8.0,54.7,23.3,26.7,17517.416853029266,64.6,48.5,23.4,5.5,23.5387846947774,26.7,10.9,76.9,41.9,3.2
Calabria,2020,Sud,18,44.9,67.0,35.2,38.3,84.5,79.1,53.9,67.8,55.4,36.8,46.0,16.6,50.7,37.9,44.6,46.6,18.0,48.0,46.0,11.92307692307692,381.0,3.0,38.8,51.6,16.7,0.7,3.6,0.20778735042557447,42.98609304454639,30.1,2.7,49.0,59.0,16.9,5.0,54.5,14.8,26.6,16491.733566634706,66.6,52.7,29.1,5.6,24.2102762645752,26.6,11.9,71.9,41.9,9.7
Calabria,2021,Sud,18,46.7,68.9,35.6,41.5,84.5,83.3,57.8,70.0,54.6,36.8,42.9,22.7,40.7,39.5,47.1,50.8,19.6,46.8,56.3,11.92307692307692,381.0,4.5,28.8,59.3,16.7,0.7,2.6,0.21079657919311287,43.84891859511949,30.1,2.7,51.0,63.2,14.0,5.0,55.7,3.6,26.5,17595.239931108717,67.9,53.8,26.9,7.6,23.1976340853071,26.5,11.9,69.6,41.9,19.4
Calabria,2022,Sud,18,46.3,68.9,35.7,40.5,84.5,83.3,57.8,70.0,54.6,36.8,43.4,22.7,40.7,39.5,47.1,50.8,19.6,46.8,49.4,11.92307692307692,381.0,4.5,28.8,59.3,16.7,0.7,2.6,0.21079657919311287,43.84891859511949,30.1,2.7,51.0,62.2,14.0,5.0,55.7,3.6,26.5,17595.239931108717,67.9,53.8,26.9,7.6,23.1976340853071,26.5,11.9,69.6,36.84210526315789,19.4
Campania,2018,Sud,15,44.6,60.2,37.9,38.8,68.6,87.4,48.4,59.5,45.9,47.1,50.5,13.3,60.6,40.7,49.4,44.1,19.4,38.6,53.7,14.17253011347708,453.0,7.3,17.8,57.0,11.8,0.7,7.3,0.20066168189605224,54.9886986481385,35.4,3.32,45.0,54.0,18.4,4.7,53.1,26.1,27.9,18941.793266221568,65.4,55.9,25.0,6.1,24.6083072920565,27.9,9.4,58.2,36.8,23.5
Campania,2019,Sud,15,46.4,64.2,39.4,39.5,69.1,91.2,57.4,63.4,47.7,45.6,50.5,15.3,65.1,41.3,53.8,43.6,20.0,38.3,53.7,14.0,453.0,6.9,10.6,59.0,16.6,0.6,6.8,0.10224495847150604,58.20169185809129,37.8,3.37,44.9,54.1,17.2,4.2,52.9,30.9,27.9,19395.932438964755,67.4,57.9,26.7,5.4,24.2866904025268,27.9,10.4,55.5,36.8,23.5
Campania,2020,Sud,15,43.8,63.8,34.7,37.8,69.2,88.2,58.8,65.3,45.1,41.6,50.5,10.4,58.2,39.5,51.9,43.4,19.3,39.2,45.4,14.0,452.0,7.9,15.7,61.8,16.6,0.7,4.7,0.20549074700852563,55.785803846604765,39.1,3.28,44.9,54.1,19.0,2.8,53.4,23.4,27.8,18097.777867047742,66.3,57.1,27.1,5.2,24.5969521292927,27.8,11.0,56.1,36.8,15.7
Campania,2021,Sud,15,44.1,63.0,34.8,39.1,69.2,88.0,60.9,64.6,41.3,41.6,45.2,15.9,41.3,41.7,53.6,48.7,18.9,41.1,45.4,14.0,452.0,6.8,17.1,66.0,16.6,0.7,5.0,0.2433222384186001,58.521993242092904,39.1,3.28,48.8,60.8,16.4,2.8,53.4,5.8,27.7,19580.140670839035,67.3,57.8,26.1,7.2,24.7357921143607,27.7,11.0,59.9,36.8,15.7
Campania,2022,Sud,15,43.5,63.0,35.1,37.3,69.2,88.0,60.9,64.6,41.3,41.6,46.9,15.9,41.3,41.7,53.6,48.7,18.9,41.1,35.5,14.0,452.0,6.8,17.1,66.0,16.6,0.7,5.0,0.2433222384186001,58.521993242092904,39.1,3.28,48.0,58.2,16.4,2.8,53.4,5.8,27.7,19580.140670839035,67.3,57.8,26.1,7.2,24.7357921143607,27.7,11.0,59.9,29.629629629629626,15.7
Emilia-Romagna,2018,Nord-est,8,61.2,60.9,63.2,59.5,33.2,96.8,71.7,46.2,78.3,49.2,68.6,52.6,85.4,66.7,53.7,76.5,33.5,82.2,65.6,16.84637371107597,661.0,3.6,2.7,69.1,22.1,0.4,17.2,0.18913653570101238,15.815466374764448,24.7,2.92,30.3,32.5,10.8,33.2,68.2,41.3,24.9,36267.160553372116,65.6,58.4,38.8,12.0,13.8987427852168,24.9,39.2,85.2,35.8,36.0
Emilia-Romagna,2019,Nord-est,8,61.6,60.8,63.5,60.5,34.0,95.9,76.3,48.4,69.0,51.1,67.6,52.0,85.5,67.0,54.8,76.0,36.3,81.6,65.6,16.41666666666667,664.0,4.8,3.3,68.4,25.0,0.5,14.8,0.3930007440814088,17.354669647363423,23.5,2.94,31.7,33.1,11.1,33.2,69.1,40.8,25.1,36544.041467793264,66.0,58.9,40.5,11.3,12.5003117066411,25.1,40.1,82.2,35.8,36.0
Emilia-Romagna,2020,Nord-est,8,63.3,68.8,61.7,59.8,37.4,96.9,77.4,65.0,84.8,50.3,67.6,52.3,78.6,63.7,62.7,71.0,34.8,80.6,61.3,16.41666666666667,639.0,3.1,3.1,70.6,25.0,0.3,10.3,0.13128312847695162,10.941643417987287,24.4,2.95,31.7,33.1,10.1,31.1,68.9,33.8,25.1,34201.12803639223,67.8,63.0,40.6,9.7,13.347143462405,25.1,40.7,79.0,35.8,32.0
Emilia-Romagna,2021,Nord-est,8,61.2,65.9,57.6,60.3,37.4,96.7,78.6,65.7,66.6,50.3,64.0,52.8,55.3,67.4,56.0,82.5,34.5,81.6,61.3,16.41666666666667,639.0,3.0,3.6,73.0,25.0,0.3,10.0,0.6166651103213883,10.949610569568389,24.4,2.95,34.5,37.6,9.9,31.1,68.7,9.8,25.3,36913.46292754997,66.3,59.5,41.3,13.1,13.7211895939976,25.3,40.7,81.0,35.8,32.0
Emilia-Romagna,2022,Nord-est,8,62.2,65.9,57.6,63.5,37.4,96.7,78.6,65.7,66.6,50.3,64.2,52.8,55.3,67.4,56.0,82.5,34.5,81.6,79.2,16.41666666666667,639.0,3.0,3.6,73.0,25.0,0.3,10.0,0.6166651103213883,10.949610569568389,24.4,2.95,34.8,36.9,9.9,31.1,68.7,9.8,25.3,36913.46292754997,66.3,59.5,41.3,13.1,13.7211895939976,25.3,40.7,81.0,48.837209302325576,32.0
Friuli-Venezia Giulia,2018,Nord-est,6,61.9,69.8,61.2,55.5,63.8,97.8,71.5,53.0,70.2,38.9,73.8,60.5,84.3,58.5,53.8,78.8,40.6,73.6,41.4,14.00213735425535,492.0,3.2,1.2,67.7,22.4,0.7,10.2,0.425146795216886,14.39418507128879,24.0,2.51,25.6,26.7,8.9,38.0,68.6,39.9,28.6,31765.24548893294,66.0,58.3,39.2,12.6,13.3571809822789,28.6,32.6,81.3,35.0,14.3
Friuli-Venezia Giulia,2019,Nord-est,6,63.7,76.3,61.6,54.9,66.3,97.8,77.3,68.6,75.4,40.5,71.6,61.5,83.8,59.5,60.4,75.6,36.2,73.0,41.4,12.75,499.0,1.8,2.7,67.8,25.8,0.3,8.7,0.425146795216886,7.991379017751078,22.9,2.52,28.3,28.5,8.7,38.6,70.1,38.4,28.7,32530.139267566006,68.0,61.6,37.6,12.1,15.9131865282222,28.7,33.7,77.9,35.0,14.3
Friuli-Venezia Giulia,2020,Nord-est,6,63.6,77.5,60.2,55.1,66.7,97.8,80.2,80.5,66.2,42.0,71.6,56.2,82.6,56.7,64.9,70.8,35.6,74.8,41.4,12.75,496.0,2.5,1.8,73.6,25.8,0.2,5.0,0.3238945075588881,23.944793549682934,21.0,2.49,28.3,28.5,8.8,32.5,71.2,36.4,28.4,30412.88575213888,68.9,64.0,41.3,9.4,15.9841393515114,28.4,34.8,79.2,35.0,14.3
Friuli-Venezia Giulia,2021,Nord-est,6,62.2,78.8,55.9,54.7,66.7,97.3,78.7,79.8,74.5,42.0,66.5,56.6,57.7,59.7,55.4,77.2,39.1,71.0,41.4,12.75,496.0,2.3,3.0,70.5,25.8,0.2,5.3,0.3238945075588881,13.77769524494841,21.0,2.49,32.0,35.0,8.6,32.5,70.6,10.9,28.6,32638.4086979384,65.8,59.3,37.0,12.8,14.2018219978323,28.6,34.8,71.6,35.0,14.3
Friuli-Venezia Giulia,2022,Nord-est,6,64.0,78.8,56.0,59.3,66.7,97.3,78.7,79.8,74.5,42.0,67.2,56.6,57.7,59.7,55.4,77.2,39.1,71.0,62.0,12.75,496.0,2.3,3.0,70.5,25.8,0.2,5.3,0.3238945075588881,13.77769524494841,21.0,2.49,32.1,33.5,8.6,32.5,70.6,10.9,28.6,32638.4086979384,65.8,59.3,37.0,12.8,14.2018219978323,28.6,34.8,71.6,50.0,14.3
Lazio,2018,Centro,12,62.3,70.4,60.8,56.5,62.9,89.0,72.5,61.9,68.8,56.0,65.2,42.2,85.3,63.1,53.9,65.0,34.2,72.2,66.7,12.76834765639359,524.0,7.7,14.4,67.9,22.9,0.4,10.2,0.12029114832117299,31.200157810275797,26.4,3.25,31.2,38.4,11.0,21.1,70.1,39.9,27.1,34514.44034067685,66.6,58.2,39.0,8.3,15.5849889973545,27.1,31.4,81.0,40.2,31.4
Lazio,2019,Centro,12,62.8,71.6,60.0,57.7,64.3,91.3,75.3,60.5,70.0,57.0,64.2,39.5,84.3,63.9,52.7,71.2,34.4,74.1,66.7,12.58333333333333,517.0,5.5,11.8,70.2,23.9,0.5,9.4,0.2012728832592118,25.3413589941191,26.3,3.28,32.2,39.3,11.6,19.3,70.5,38.6,27.1,35040.3514076053,67.0,57.4,43.6,8.8,15.440451187984,27.1,34.3,78.8,40.2,31.4
Lazio,2020,Centro,12,63.5,73.7,59.9,58.1,68.0,90.1,76.3,66.5,69.8,62.6,64.2,38.7,82.1,60.2,58.5,70.2,32.3,75.0,66.7,12.58333333333333,490.0,7.5,12.3,72.2,23.9,0.5,6.7,0.13478028959566923,29.229261348080822,20.5,3.23,32.2,39.3,12.2,19.9,71.1,35.9,26.9,32359.57196221487,66.9,60.8,45.5,7.9,16.4628731078706,26.9,35.3,78.7,40.2,31.4
Lazio,2021,Centro,12,62.2,70.7,57.7,58.9,68.0,90.2,77.6,66.3,55.9,62.6,60.3,45.0,59.5,63.2,56.9,71.3,33.7,77.8,66.7,12.58333333333333,490.0,7.3,12.4,74.8,23.9,0.5,6.8,0.5069666512267156,28.43721528013134,20.5,3.23,35.5,43.9,9.2,19.9,71.3,12.3,27.0,34548.96564219061,65.7,60.2,37.7,10.7,15.7749534484399,27.0,35.3,84.3,40.2,31.4
Lazio,2022,Centro,12,60.9,70.7,57.7,55.4,68.0,90.2,77.6,66.3,55.9,62.6,60.2,45.0,59.5,63.2,56.9,71.3,33.7,77.8,49.0,12.58333333333333,490.0,7.3,12.4,74.8,23.9,0.5,6.8,0.5069666512267156,28.43721528013134,20.5,3.23,36.1,43.5,9.2,19.9,71.3,12.3,27.0,34548.96564219061,65.7,60.2,37.7,10.7,15.7749534484399,27.0,35.3,84.3,27.27272727272727,31.4
Liguria,2018,Nord-ovest,7,57.8,67.5,59.3,48.3,60.0,96.8,63.3,57.6,66.0,53.7,65.9,43.6,79.4,60.1,51.9,69.4,33.6,73.5,29.6,12.97508446762826,541.0,3.1,3.2,65.6,18.1,0.5,10.7,0.40843107939961454,20.25392528936883,15.3,2.67,31.9,36.4,12.8,27.3,67.3,35.7,26.5,32153.158895466077,67.3,56.8,39.6,9.5,15.3232737348801,26.5,31.3,83.7,25.0,16.1
Liguria,2019,Nord-ovest,7,60.0,70.1,61.4,50.2,62.7,95.9,68.6,61.2,67.2,53.6,66.3,49.5,81.1,61.0,54.5,73.2,36.2,74.2,29.6,12.14285714285714,538.0,4.8,3.3,63.1,22.0,0.5,9.1,0.3764370484323907,20.252927175245837,18.1,2.79,32.4,35.0,9.7,26.6,68.9,36.4,26.7,32858.291606383675,67.1,58.4,40.9,10.3,14.049301646281,26.7,32.2,83.3,25.0,16.1
Liguria,2020,Nord-ovest,7,58.9,69.5,58.5,50.2,65.1,95.5,68.9,66.3,57.2,51.4,66.3,45.7,77.6,56.9,56.4,66.0,36.9,70.1,33.1,12.14285714285714,520.0,5.9,3.1,63.8,22.0,0.6,5.5,0.5061327472316121,26.85285059569421,18.6,2.73,32.4,35.0,10.0,22.8,69.4,32.4,26.5,29886.30194979299,66.2,59.8,36.8,9.3,13.463432345217,26.5,31.7,76.1,25.0,19.4
Liguria,2021,Nord-ovest,7,56.6,68.4,52.3,50.8,65.1,93.0,72.6,65.8,51.7,51.4,60.1,39.7,53.3,60.2,62.5,69.7,34.6,67.4,33.1,12.14285714285714,520.0,8.6,5.3,71.2,22.0,0.6,5.7,0.508477269477063,33.52089403390758,18.6,2.73,37.5,42.2,12.9,22.8,69.0,7.5,26.5,32209.002483651497,67.8,62.9,33.2,11.6,14.7597889792725,26.5,31.7,70.8,25.0,19.4
Liguria,2022,Nord-ovest,7,56.8,68.4,52.2,51.4,65.1,93.0,72.6,65.8,51.7,51.4,59.3,39.7,53.3,60.2,62.5,69.7,34.6,67.4,35.4,12.14285714285714,520.0,8.6,5.3,71.2,22.0,0.6,5.7,0.508477269477063,33.52089403390758,18.6,2.73,38.6,42.7,12.9,22.8,69.0,7.5,26.5,32209.002483651497,67.8,62.9,33.2,11.6,14.7597889792725,26.5,31.7,70.8,26.666666666666668,19.4
Lombardia,2018,Nord-ovest,3,58.9,67.1,60.4,50.4,45.3,96.4,77.0,53.1,76.3,48.5,71.7,39.2,81.7,72.2,54.0,69.7,27.2,70.2,45.3,21.32356286726164,481.0,4.1,3.0,72.5,24.2,0.4,14.1,0.22103268355033487,16.569047205076938,18.3,2.61,27.2,29.4,13.1,22.8,65.1,39.6,23.3,39552.491021402144,67.4,58.0,39.9,9.5,15.9339813078905,23.3,30.0,79.8,29.8,24.7
Lombardia,2019,Nord-ovest,3,60.2,69.5,60.8,51.6,49.3,96.0,80.6,58.5,72.6,47.0,70.3,43.3,80.4,72.5,54.8,70.4,28.1,74.0,45.3,19.76666666666667,483.0,4.9,3.0,71.7,26.6,0.4,11.7,0.23474502142488468,20.49078484158211,19.1,2.59,29.1,30.3,11.3,23.2,64.6,38.6,23.6,39902.70880190035,67.0,58.6,40.0,9.7,15.7078268820812,23.6,31.7,83.9,29.8,24.7
Lombardia,2020,Nord-ovest,3,59.5,73.2,56.6,50.9,51.3,96.4,80.0,69.2,76.8,41.7,70.3,37.0,77.3,69.1,55.8,63.8,29.5,72.1,45.3,19.76666666666667,468.0,4.4,2.8,70.5,26.6,0.4,6.9,0.19607818146898442,17.27706448196849,21.9,2.52,29.1,30.3,13.1,20.1,65.0,35.2,23.6,37467.12109610675,65.2,59.7,39.0,7.9,14.9106183338043,23.6,30.5,82.5,29.8,24.7
Lombardia,2021,Nord-ovest,3,58.3,71.1,53.1,52.5,51.3,96.6,81.5,66.6,67.5,41.7,64.9,40.8,52.3,73.4,56.2,69.9,32.2,69.5,45.3,19.76666666666667,468.0,4.3,2.5,73.4,26.6,0.4,8.1,0.39356110419864765,19.06453320900288,21.9,2.52,33.6,36.6,11.3,20.1,64.9,9.3,24.1,40679.632642636316,65.5,59.9,36.6,10.6,13.9126093853519,24.1,30.5,77.3,29.8,24.7
Lombardia,2022,Nord-ovest,3,58.3,71.1,53.4,52.2,51.3,96.6,81.5,66.6,67.5,41.7,66.2,40.8,52.3,73.4,56.2,69.9,32.2,69.5,44.1,19.76666666666667,468.0,4.3,2.5,73.4,26.6,0.4,8.1,0.39356110419864765,19.06453320900288,21.9,2.52,32.9,34.7,11.3,20.1,64.9,9.3,24.1,40679.632642636316,65.5,59.9,36.6,10.6,13.9126093853519,24.1,30.5,77.3,28.865979381443296,24.7
Marche,2018,Centro,11,58.7,70.6,55.2,52.1,62.4,95.4,69.6,54.0,78.1,39.5,71.2,46.3,73.7,53.2,54.8,59.8,32.9,70.7,50.3,12.54492635792983,532.0,5.2,4.0,67.9,21.2,0.6,11.0,0.12653388060642629,19.39244635628386,20.2,2.36,27.5,30.1,9.7,22.8,64.8,31.6,27.2,27557.569125582617,64.9,59.2,31.9,8.9,16.4142977641269,27.2,28.7,83.4,37.5,19.4
Marche,2019,Centro,11,60.3,73.0,55.5,54.0,63.6,94.3,70.1,66.6,74.0,36.2,71.2,49.6,76.6,54.0,52.8,61.2,36.0,78.6,50.3,12.45454545454546,525.0,5.6,5.8,67.8,21.5,0.3,9.6,0.1283520748754664,24.38370662284136,23.6,2.39,28.3,29.3,8.5,23.7,65.4,34.2,27.4,28134.531175074182,66.4,57.6,35.5,8.2,14.8227855448157,27.4,30.5,95.5,37.5,19.4
Marche,2020,Centro,11,59.7,71.4,52.5,56.6,67.0,95.3,69.9,64.5,64.7,34.6,71.2,45.3,70.0,51.1,58.5,61.1,35.1,76.8,60.5,12.45454545454546,500.0,5.2,4.1,67.4,21.5,0.6,6.3,0.38763421026959316,22.834773170881146,24.7,2.38,28.3,29.3,9.2,20.3,65.2,27.4,27.4,26119.238427764863,65.5,61.2,40.1,6.7,15.3315238478668,27.4,31.0,90.9,37.5,29.0
Marche,2021,Centro,11,59.7,76.3,49.8,56.0,67.0,94.9,70.0,67.4,86.2,34.6,66.5,48.0,51.0,54.1,50.0,72.5,34.2,73.6,60.5,12.45454545454546,500.0,5.8,4.4,67.7,21.5,0.6,5.0,0.13049668342679072,9.272044627525645,24.7,2.38,31.7,35.3,7.9,20.3,66.0,7.2,27.6,28331.806065035198,62.2,57.2,36.7,11.4,16.0287021524054,27.6,31.0,84.6,37.5,29.0
Marche,2022,Centro,11,58.6,76.3,49.8,53.0,67.0,94.9,70.0,67.4,86.2,34.6,66.6,48.0,51.0,54.1,50.0,72.5,34.2,73.6,45.6,12.45454545454546,500.0,5.8,4.4,67.7,21.5,0.6,5.0,0.13049668342679072,9.272044627525645,24.7,2.38,32.5,34.3,7.9,20.3,66.0,7.2,27.6,28331.806065035198,62.2,57.2,36.7,11.4,16.0287021524054,27.6,31.0,84.6,26.666666666666668,29.0
Molise,2018,Sud,14,53.5,74.4,39.5,51.9,80.6,90.1,53.9,84.4,69.0,17.5,62.9,32.9,65.7,40.9,48.0,60.3,31.0,66.4,63.5,,382.0,2.0,17.8,55.4,15.6,0.0,7.0,,26.929286406199548,31.8,2.06,33.3,41.0,10.2,7.7,62.1,25.1,32.9,20842.961087811273,64.0,55.5,33.6,8.5,22.8016327293772,32.9,22.8,86.6,40.0,28.6
Molise,2019,Sud,14,52.7,72.8,39.4,50.9,81.5,90.0,60.8,85.9,53.5,17.8,61.3,32.1,65.0,41.8,46.4,58.8,31.0,63.8,63.5,13.66666666666667,368.0,7.9,12.2,58.0,18.9,0.0,6.3,,48.065110565110565,33.5,2.15,34.1,43.4,10.7,8.1,62.4,24.2,32.9,21467.70776637988,64.5,54.4,31.2,8.8,22.7703931902834,32.9,22.7,81.7,40.0,28.6
Molise,2020,Sud,14,52.5,74.6,37.4,51.8,81.6,88.8,62.1,92.4,55.6,14.4,61.3,32.9,62.5,40.3,50.9,56.6,32.6,62.6,63.5,13.66666666666667,367.0,7.0,15.4,60.5,18.9,0.0,3.4,,46.141215106732346,31.9,1.95,34.1,43.4,9.2,5.2,62.8,21.3,32.6,20321.565003362477,65.1,56.9,31.5,8.0,21.6166901748394,32.6,21.7,81.3,40.0,28.6
Molise,2021,Sud,14,52.3,75.3,35.8,53.0,81.6,88.1,63.4,88.6,60.1,14.4,57.5,36.2,46.1,42.3,51.4,71.0,26.4,68.5,63.5,13.66666666666667,367.0,11.6,12.3,63.2,18.9,0.0,5.1,,39.740099009900995,31.9,1.95,37.8,47.1,7.6,5.2,63.1,4.1,32.4,21700.12525238745,66.3,56.8,40.6,9.7,24.9135026683797,32.4,21.7,93.1,40.0,28.6
Molise,2022,Sud,14,50.9,75.3,35.8,49.0,81.6,88.1,63.4,88.6,60.1,14.4,57.5,36.2,46.1,42.3,51.4,71.0,26.4,68.5,42.9,13.66666666666667,367.0,11.6,12.3,63.2,18.9,0.0,5.1,,39.740099009900995,31.9,1.95,39.9,45.0,7.6,5.2,63.1,4.1,32.4,21700.12525238745,66.3,56.8,40.6,9.7,24.9135026683797,32.4,21.7,93.1,25.0,28.6
Piemonte,2018,Nord-ovest,1,57.1,65.6,51.8,54.8,52.8,96.4,70.9,50.0,67.4,35.0,67.5,34.2,77.6,59.3,51.5,67.6,36.4,72.6,53.7,17.7502952787939,498.0,3.3,3.9,64.4,23.0,0.5,14.1,0.32485661825589357,22.458765706768595,21.2,2.24,30.4,34.5,13.5,17.7,62.9,36.9,26.6,31658.90647123894,64.1,57.5,39.4,9.0,13.8395978806735,26.6,28.6,87.3,35.3,25.5
Piemonte,2019,Nord-ovest,1,57.4,69.4,52.9,51.5,57.1,96.8,71.5,51.1,79.5,33.0,66.8,40.5,77.4,59.7,52.0,59.8,36.9,73.2,43.3,16.28571428571428,496.0,3.6,2.7,63.6,23.6,0.6,12.3,0.13508341400815002,17.256391684260812,22.7,2.23,31.8,34.7,10.7,18.3,63.5,36.3,26.6,31931.606685571427,66.5,57.1,30.6,9.3,13.6090310670952,26.6,30.1,85.6,35.3,15.7
Piemonte,2020,Nord-ovest,1,55.7,67.7,49.7,51.3,58.4,93.5,72.1,59.0,61.2,30.3,66.8,36.0,73.9,56.4,54.3,55.4,37.3,73.2,43.3,16.28571428571428,486.0,8.7,4.2,64.7,23.6,0.7,7.5,0.5439754268167193,20.40742929875751,23.6,2.17,31.8,34.7,12.1,16.3,63.8,32.5,26.6,29551.425602944255,64.7,59.0,32.8,7.2,13.369144123362,26.6,30.8,84.2,35.3,15.7
Piemonte,2021,Nord-ovest,1,55.4,69.6,46.5,52.5,58.4,93.2,74.8,58.2,68.9,30.3,61.8,37.4,52.1,59.8,54.7,65.6,36.8,69.7,43.3,16.28571428571428,486.0,9.8,3.8,70.2,23.6,0.7,7.9,0.3653938248900336,18.71767996066658,23.6,2.17,35.9,40.6,11.4,16.3,64.2,9.6,26.6,31948.79936374719,64.5,59.3,31.7,10.8,13.6176699485911,26.6,30.8,77.2,35.3,15.7
Piemonte,2022,Nord-ovest,1,54.5,69.6,46.7,49.8,58.4,93.2,74.8,58.2,68.9,30.3,62.7,37.4,52.1,59.8,54.7,65.6,36.8,69.7,33.2,16.28571428571428,486.0,9.8,3.8,70.2,23.6,0.7,7.9,0.3653938248900336,18.71767996066658,23.6,2.17,35.7,38.9,11.4,16.3,64.2,9.6,26.6,31948.79936374719,64.5,59.3,31.7,10.8,13.6176699485911,26.6,30.8,77.2,27.906976744186046,15.7
Provincia Autonoma di Bolzano/Bozen,2018,Nord-est,21,67.0,70.0,71.2,60.3,65.8,96.0,71.0,56.2,66.5,53.2,63.0,74.5,87.4,84.0,77.3,71.5,34.5,62.7,66.4,12.88187863508805,500.0,7.3,0.7,74.1,20.2,0.8,7.6,0.5009775324101152,15.658104340900039,13.0,2.55,41.4,32.7,11.0,60.3,69.0,42.9,21.9,47375.79406622517,72.2,70.3,37.0,11.0,10.5075803667605,21.9,26.8,71.3,44.4,25.7
Provincia Autonoma di Bolzano/Bozen,2019,Nord-est,21,69.3,78.1,70.4,60.4,70.0,96.9,75.0,71.1,80.4,52.8,61.1,71.8,87.7,85.3,79.1,74.6,34.2,60.2,66.4,11.5,497.0,4.4,1.7,70.5,23.6,0.2,9.2,0.18326463963757583,13.490404523013218,14.0,2.58,43.6,34.3,11.6,58.5,68.8,43.3,22.6,48548.4627996237,73.2,71.1,41.6,10.5,11.385261018597,22.6,23.7,72.4,44.4,25.7
Provincia Autonoma di Bolzano/Bozen,2020,Nord-est,21,65.4,74.6,67.4,55.6,74.5,96.2,76.1,68.3,62.1,52.2,61.1,64.7,84.4,80.0,72.2,63.7,29.8,58.2,66.4,11.5,464.0,6.4,1.2,72.8,23.6,0.6,4.6,0.7428523673776383,11.665317945889667,15.0,2.6,43.6,34.3,13.6,55.0,70.5,38.7,22.7,44888.829653428256,70.3,67.9,38.3,8.1,13.9033273265079,22.7,23.2,69.4,44.4,25.7
Provincia Autonoma di Bolzano/Bozen,2021,Nord-est,21,63.2,74.6,61.6,55.0,74.5,95.0,76.7,69.0,61.7,52.2,54.6,66.2,55.6,84.4,74.4,58.0,30.3,57.9,66.4,11.5,464.0,8.4,1.7,74.0,23.6,0.6,4.3,0.7415825742926693,12.23471246422066,15.0,2.6,48.4,42.4,12.9,55.0,69.7,9.4,22.9,48043.785663169736,71.2,68.9,30.0,8.9,13.8570035946662,22.9,23.2,68.8,44.4,25.7
Provincia Autonoma di Bolzano/Bozen,2022,Nord-est,21,63.7,74.6,61.8,56.2,74.5,95.0,76.7,69.0,61.7,52.2,55.4,66.2,55.6,84.4,74.4,58.0,30.3,57.9,74.1,11.5,464.0,8.4,1.7,74.0,23.6,0.6,4.3,0.7415825742926693,12.23471246422066,15.0,2.6,47.7,41.5,12.9,55.0,69.7,9.4,22.9,48043.785663169736,71.2,68.9,30.0,8.9,13.8570035946662,22.9,23.2,68.8,53.84615384615385,25.7
Provincia Autonoma di Trento,2018,Nord-est,22,67.9,72.5,68.4,63.1,58.4,96.3,80.2,61.6,72.0,45.7,73.8,70.5,88.0,71.6,68.4,88.6,30.6,81.2,66.4,14.90391433658297,514.0,5.2,2.2,74.0,25.7,0.4,10.3,0.12114905028230757,27.21704198613398,15.0,2.36,27.1,25.4,6.8,44.8,70.3,42.6,21.7,38550.73695467944,69.8,65.8,47.8,13.0,12.5550705617883,21.7,38.4,84.7,44.4,25.7
Provincia Autonoma di Trento,2019,Nord-est,22,67.3,72.3,69.5,60.8,61.1,97.5,83.3,56.9,70.0,46.7,73.6,71.2,90.8,72.8,60.6,85.4,30.5,78.9,66.4,13.66666666666667,519.0,3.6,1.4,73.1,27.8,0.6,9.7,0.3607998210432888,17.507440397386066,16.0,2.44,27.9,24.9,6.7,45.4,69.8,45.8,21.8,39492.69973374954,69.2,61.4,44.9,12.9,12.6924823423718,21.8,38.2,80.5,44.4,25.7
Provincia Autonoma di Trento,2020,Nord-est,22,68.3,80.0,64.8,61.5,65.6,97.2,83.8,82.3,74.6,41.8,73.6,63.7,84.1,69.4,67.4,78.0,31.6,79.5,66.4,13.66666666666667,486.0,4.4,1.1,74.1,27.8,0.2,4.2,0.3659571976461633,11.665317945889667,18.5,2.37,27.9,24.9,7.8,39.0,70.1,38.7,22.0,37120.10198234645,69.7,65.2,41.3,11.7,12.2558427518686,22.0,37.9,82.3,44.4,25.7
Provincia Autonoma di Trento,2021,Nord-est,22,67.0,80.4,59.6,62.6,65.6,97.7,84.1,83.9,74.2,41.8,68.4,61.6,58.6,73.2,62.8,89.0,33.2,78.2,66.4,13.66666666666667,486.0,3.0,1.6,74.7,27.8,0.2,3.5,0.36322294987886516,12.23471246422066,18.5,2.37,32.0,31.2,8.8,39.0,70.4,12.0,22.3,39947.36935376662,66.1,63.6,41.5,15.1,11.6534918713745,22.3,37.9,79.8,44.4,25.7
Provincia Autonoma di Trento,2022,Nord-est,22,67.5,80.4,59.7,64.0,65.6,97.7,84.1,83.9,74.2,41.8,68.5,61.6,58.6,73.2,62.8,89.0,33.2,78.2,74.1,13.66666666666667,486.0,3.0,1.6,74.7,27.8,0.2,3.5,0.36322294987886516,12.23471246422066,18.5,2.37,32.4,30.6,8.8,39.0,70.4,12.0,22.3,39947.36935376662,66.1,63.6,41.5,15.1,11.6534918713745,22.3,37.9,79.8,53.84615384615385,25.7
Puglia,2018,Sud,16,45.5,61.3,39.5,38.8,66.3,91.5,49.4,49.5,58.1,39.4,58.3,17.1,59.2,41.3,50.2,47.5,15.0,54.6,45.3,13.88568386561016,476.0,5.9,11.0,55.0,13.0,0.8,10.6,0.15990395528829565,42.13243754140284,29.2,2.76,38.3,45.1,17.6,7.4,50.3,26.6,26.3,18818.142137054314,66.0,56.2,30.0,5.6,25.6120402683783,26.3,16.8,75.2,41.3,9.8
Puglia,2019,Sud,16,46.7,67.0,40.2,37.7,70.9,93.1,57.9,56.4,62.7,38.9,58.5,17.4,63.7,41.8,50.7,45.1,12.9,57.1,45.3,12.40740740740741,472.0,6.1,7.8,55.3,18.0,0.7,8.7,0.1473854919125896,37.24031137784073,31.2,2.83,38.3,44.7,17.8,8.2,51.4,30.5,26.3,19128.302809756835,66.6,56.3,26.0,6.1,26.7645416938715,26.3,18.9,75.9,41.3,9.8
Puglia,2020,Sud,16,46.3,70.3,36.4,38.8,71.3,93.2,59.2,63.6,68.6,33.9,58.5,14.2,56.7,40.3,58.6,42.6,13.1,54.6,49.4,12.40740740740741,469.0,6.0,7.6,57.8,18.0,0.6,6.7,0.049430462214366075,35.602636549799115,33.8,2.76,38.3,44.7,18.5,6.1,51.4,23.2,26.2,18035.911913528595,67.4,60.7,25.0,5.6,26.5651028167067,26.2,19.6,69.6,41.3,13.7
Puglia,2021,Sud,16,45.7,68.9,34.5,40.2,71.3,93.8,61.1,66.1,57.5,33.9,54.4,16.1,39.3,42.1,54.7,51.1,14.5,52.1,49.4,12.40740740740741,469.0,5.2,7.1,61.7,18.0,0.6,5.6,0.39704745585638795,31.210953418451005,33.8,2.76,42.0,49.3,17.6,6.1,51.7,5.0,26.4,19426.81064199165,66.2,58.8,27.9,7.4,25.9591444193577,26.4,19.6,64.5,41.3,13.7
Puglia,2022,Sud,16,43.9,68.9,34.4,35.6,71.3,93.8,61.1,66.1,57.5,33.9,53.6,16.1,39.3,42.1,54.7,51.1,14.5,52.1,27.0,12.40740740740741,469.0,5.2,7.1,61.7,18.0,0.6,5.6,0.39704745585638795,31.210953418451005,33.8,2.76,42.5,50.3,17.6,6.1,51.7,5.0,26.4,19426.81064199165,66.2,58.8,27.9,7.4,25.9591444193577,26.4,19.6,64.5,25.0,13.7
Sardegna,2018,Isole,20,51.8,67.6,47.5,43.3,78.4,86.6,68.4,62.4,48.6,67.2,54.4,23.3,63.5,44.9,51.1,56.1,32.3,68.9,23.7,10.2087107960955,461.0,9.2,17.6,66.8,20.8,0.7,6.0,0.3175615717154259,45.81308870218028,20.7,3.41,39.9,51.3,22.8,28.0,51.6,30.1,25.7,21139.329296077707,67.8,56.2,26.9,9.3,15.3151073119968,25.7,29.3,78.6,28.0,6.7
Sardegna,2019,Isole,20,55.7,71.4,52.4,46.1,81.3,90.9,71.0,64.4,54.7,64.7,54.5,35.3,69.5,45.7,46.4,56.1,36.9,70.7,30.7,9.4,456.0,3.4,14.7,64.6,23.0,0.7,5.1,0.36477933889824476,36.097944160158,21.4,3.35,40.0,51.0,17.7,29.7,54.2,34.5,25.7,21725.245189560268,66.6,53.8,25.6,9.7,12.7511405894176,25.7,29.6,81.6,28.0,13.3
Sardegna,2020,Isole,20,56.2,71.4,51.6,48.3,82.8,88.8,71.6,71.4,49.3,59.6,54.5,42.2,61.3,43.4,53.0,63.8,36.2,69.8,30.7,9.4,445.0,9.4,12.9,65.7,23.0,0.6,3.2,0.36727595707523464,42.677367075124764,22.1,3.19,40.0,51.0,12.9,25.9,54.1,26.1,25.7,20105.069026111945,66.5,57.7,31.8,10.2,13.1509517117932,25.7,30.7,77.6,28.0,13.3
Sardegna,2021,Isole,20,55.1,73.0,47.3,48.4,82.8,90.0,73.9,72.5,52.0,59.6,48.6,41.6,42.9,45.7,51.9,69.5,34.4,69.4,30.7,9.4,445.0,5.9,14.0,70.3,23.0,0.6,2.7,0.24707082099780786,45.18148210384809,22.1,3.19,45.9,57.0,13.2,25.9,54.2,7.0,25.9,21745.53307861774,69.0,56.3,31.1,12.2,14.324737005715,25.9,30.7,76.8,28.0,13.3
Sardegna,2022,Isole,20,55.7,73.0,47.6,49.7,82.8,90.0,73.9,72.5,52.0,59.6,50.2,41.6,42.9,45.7,51.9,69.5,34.4,69.4,35.2,9.4,445.0,5.9,14.0,70.3,23.0,0.6,2.7,0.24707082099780786,45.18148210384809,22.1,3.19,44.2,55.3,13.2,25.9,54.2,7.0,25.9,21745.53307861774,69.0,56.3,31.1,12.2,14.324737005715,25.9,30.7,76.8,31.25,13.3
Sicilia,2018,Isole,19,44.1,59.7,34.9,41.2,75.3,82.7,46.8,55.5,46.8,50.9,48.0,9.11,59.2,39.4,48.4,44.4,21.6,41.9,61.0,11.14382920153172,465.0,5.3,29.3,53.6,11.9,0.7,9.1,0.14163839961227132,57.092961313267686,32.5,3.33,47.3,56.6,22.0,8.8,51.5,25.7,27.7,17929.84522312909,65.5,55.3,26.8,5.6,23.2370845961614,27.7,10.0,63.5,43.8,21.4
Sicilia,2019,Isole,19,44.9,61.5,35.3,41.6,79.5,83.8,51.4,59.7,42.9,54.0,47.6,8.98,60.0,39.8,49.1,41.4,22.3,45.2,61.0,10.0,457.0,5.1,27.3,54.3,14.4,0.7,7.2,0.35819163371801127,50.986829423443915,30.3,3.35,47.6,57.3,22.3,9.4,52.0,26.2,27.7,18242.844860279238,66.8,55.3,25.7,5.0,22.8125438436235,27.7,12.4,65.4,43.8,21.4
Sicilia,2020,Isole,19,45.2,64.2,34.5,41.7,81.4,85.2,51.6,63.3,48.1,53.2,47.6,9.12,55.4,38.3,52.9,37.4,20.7,50.3,61.0,10.0,443.0,7.7,21.9,54.7,14.4,0.7,5.6,0.24041346307379433,50.3164413211594,29.4,3.28,47.6,57.3,21.8,8.3,52.1,21.4,27.7,17212.055794005562,67.0,57.5,23.6,4.4,23.6994553384864,27.7,12.5,75.4,43.8,21.4
Sicilia,2021,Isole,19,43.7,60.3,33.0,42.1,81.4,82.2,54.7,66.9,32.7,53.2,44.0,10.4,40.3,39.9,52.5,44.0,19.9,47.2,61.0,10.0,443.0,6.7,29.0,60.9,14.4,0.7,4.0,0.5244631816760633,56.218061904381045,29.4,3.28,50.5,61.6,21.2,8.3,52.4,5.5,27.6,18282.836041377883,65.4,57.7,22.6,6.8,24.0986804215462,27.6,12.5,69.1,43.8,21.4
Sicilia,2022,Isole,19,43.4,60.3,32.9,41.2,81.4,82.2,54.7,66.9,32.7,53.2,43.5,10.4,40.3,39.9,52.5,44.0,19.9,47.2,55.3,10.0,443.0,6.7,29.0,60.9,14.4,0.7,4.0,0.5244631816760633,56.218061904381045,29.4,3.28,51.3,61.7,21.2,8.3,52.4,5.5,27.6,18282.836041377883,65.4,57.7,22.6,6.8,24.0986804215462,27.6,12.5,69.1,39.58333333333333,21.4
Toscana,2018,Centro,9,60.5,60.9,62.7,58.0,46.5,94.6,71.0,42.0,64.1,56.6,67.8,52.2,82.6,58.8,57.3,66.6,41.7,78.8,52.4,14.22415130710057,616.0,2.8,8.0,68.0,22.0,0.4,19.1,0.30985154926204983,27.164103623400027,22.8,3.11,31.4,33.0,10.3,31.4,64.9,40.7,28.0,31756.71526964686,66.2,60.3,34.2,10.3,12.2106975400675,28.0,36.3,84.1,33.3,26.8
Toscana,2019,Centro,9,61.7,65.3,63.3,56.9,48.9,95.0,73.1,47.6,73.5,59.0,66.8,54.2,78.8,60.6,54.1,64.6,40.9,79.5,52.4,13.33333333333333,616.0,3.9,6.0,66.1,23.8,0.4,16.6,0.20933919727314762,20.677179243462405,20.8,3.11,32.5,33.8,10.1,33.3,64.8,36.9,28.1,33049.05212529417,66.4,58.4,33.8,9.8,12.7193533380505,28.1,37.3,83.5,33.3,26.8
Toscana,2020,Centro,9,61.9,70.4,57.1,59.0,53.4,94.6,73.9,63.4,72.9,52.2,66.8,42.3,74.4,55.2,60.7,62.1,39.6,78.6,61.1,13.33333333333333,583.0,5.4,5.3,67.8,23.8,0.4,9.5,0.1577554553808414,24.10120277800092,23.5,2.98,32.5,33.8,12.9,26.0,64.8,32.3,28.0,29235.81317734991,66.6,62.2,35.7,8.4,13.3832765379085,28.0,37.6,81.2,33.3,35.0
Toscana,2021,Centro,9,61.5,70.5,54.2,60.9,53.4,93.9,76.4,62.1,73.4,52.2,63.0,46.1,53.2,57.9,59.4,69.3,40.7,81.8,61.1,13.33333333333333,583.0,5.3,6.8,72.7,23.8,0.4,10.1,0.21054676098810648,20.67423416333068,23.5,2.98,35.7,38.4,11.1,26.0,65.3,9.9,28.3,31246.79276726482,66.1,61.6,35.4,10.8,13.0193424506134,28.3,37.6,87.6,33.3,35.0
Toscana,2022,Centro,9,61.8,70.5,54.2,61.7,53.4,93.9,76.4,62.1,73.4,52.2,63.0,46.1,53.2,57.9,59.4,69.3,40.7,81.8,65.0,13.33333333333333,583.0,5.3,6.8,72.7,23.8,0.4,10.1,0.21054676098810648,20.67423416333068,23.5,2.98,36.0,37.9,11.1,26.0,65.3,9.9,28.3,31246.79276726482,66.1,61.6,35.4,10.8,13.0193424506134,28.3,37.6,87.6,36.11111111111111,35.0
Umbria,2018,Centro,10,58.3,60.1,58.6,56.2,57.5,93.9,66.0,42.8,51.5,53.5,70.2,45.8,81.4,49.6,51.0,68.9,37.9,84.4,49.8,14.64495196594364,526.0,5.8,6.4,63.4,20.4,0.6,16.0,0.7170442860891973,25.639125879359376,21.3,2.93,28.5,31.2,8.3,18.6,68.3,37.1,30.4,26085.609852588273,64.2,57.2,37.2,10.1,16.5626822875446,30.4,42.7,82.4,37.5,19.0
Umbria,2019,Centro,10,62.7,67.6,58.2,62.6,62.0,92.5,70.5,44.8,77.6,54.4,69.1,43.7,81.2,50.0,50.6,72.8,42.9,86.9,70.2,13.23809523809524,521.0,6.9,8.2,66.0,22.3,0.6,15.1,0.22159093427169707,14.909173823820021,21.7,2.98,29.6,32.2,9.3,18.6,71.3,34.8,30.3,26351.755292431193,64.7,56.8,38.9,10.8,13.6451420791175,30.3,43.0,86.8,37.5,38.1
Umbria,2020,Centro,10,63.3,75.6,52.1,64.2,64.0,93.4,69.2,76.9,77.6,46.3,69.1,34.3,74.6,47.1,60.7,70.0,43.4,84.6,70.2,13.23809523809524,506.0,7.7,5.5,63.4,22.3,0.1,8.4,0.22159093427169707,14.909173823820021,26.4,2.89,29.6,32.2,12.6,15.5,71.2,28.1,30.2,24294.132135284628,65.6,62.5,42.1,8.9,13.3008645864346,30.2,44.0,80.2,37.5,38.1
Umbria,2021,Centro,10,62.4,76.6,49.4,64.3,64.0,95.1,72.6,75.1,79.4,46.3,64.6,35.5,55.4,50.0,54.1,82.8,42.7,81.6,70.2,13.23809523809524,506.0,5.9,3.9,70.1,22.3,0.1,9.2,0.22410771513220112,12.68946482035928,26.4,2.89,32.6,38.2,12.0,15.5,71.3,8.1,30.3,26359.166295093375,60.5,60.1,45.1,12.0,13.7662215363381,30.3,44.0,74.3,37.5,38.1
Umbria,2022,Centro,10,62.2,76.6,49.8,63.2,64.0,95.1,72.6,75.1,79.4,46.3,67.5,35.5,55.4,50.0,54.1,82.8,42.7,81.6,64.5,13.23809523809524,506.0,5.9,3.9,70.1,22.3,0.1,9.2,0.22410771513220112,12.68946482035928,26.4,2.89,30.2,34.9,12.0,15.5,71.3,8.1,30.3,26359.166295093375,60.5,60.1,45.1,12.0,13.7662215363381,30.3,44.0,74.3,33.33333333333333,38.1
Valle d'Aosta/Vallée d'Aoste,2018,Nord-ovest,2,65.9,74.4,58.3,65.9,57.0,96.2,69.8,81.7,73.0,51.6,71.8,35.8,75.2,67.5,53.0,70.0,52.3,90.5,71.1,11.3600616528766,596.0,4.2,3.5,64.2,22.4,0.0,8.2,,,17.7,2.7,26.7,29.7,15.1,23.7,61.0,35.7,29.3,38378.54604447974,65.4,58.0,42.7,8.7,7.47699674558769,29.3,45.7,88.5,50.0,22.9
Valle d'Aosta/Vallée d'Aoste,2019,Nord-ovest,2,66.8,78.4,57.5,66.1,58.2,95.7,80.5,89.3,74.0,44.9,70.3,38.2,76.4,68.2,57.6,70.1,50.1,87.7,71.1,10.5,605.0,3.5,5.2,65.7,28.3,0.0,4.8,,,21.7,2.63,29.0,30.3,14.1,24.1,61.9,36.4,29.2,38856.72268156425,67.2,60.2,38.1,10.2,8.58762068762781,29.2,43.9,86.6,50.0,22.9
Valle d'Aosta/Vallée d'Aoste,2020,Nord-ovest,2,65.9,78.0,57.4,63.8,57.6,93.7,81.7,92.8,70.5,49.2,70.3,37.9,74.8,63.7,64.1,66.5,51.4,81.9,58.9,10.5,609.0,9.7,3.0,68.2,28.3,0.0,3.2,,,16.8,2.57,29.0,30.3,13.2,21.4,61.2,35.2,29.2,35683.1432905297,67.3,64.0,39.2,8.7,7.86215999840919,29.2,40.6,81.7,50.0,11.4
Valle d'Aosta/Vallée d'Aoste,2021,Nord-ovest,2,61.6,68.1,52.8,65.0,57.6,93.6,81.2,95.5,35.1,49.2,66.8,36.0,51.3,67.6,62.3,72.0,53.0,83.1,58.9,10.5,609.0,11.7,1.1,67.2,28.3,0.0,2.0,1.583380834758376,,16.8,2.57,30.8,35.6,14.1,21.4,62.0,10.3,29.0,38313.59271624898,64.6,63.7,38.4,10.7,6.77042886197671,29.0,40.6,84.1,50.0,11.4
Valle d'Aosta/Vallée d'Aoste,2022,Nord-ovest,2,61.9,68.1,53.5,65.0,57.6,93.6,81.2,95.5,35.1,49.2,71.0,36.0,51.3,67.6,62.3,72.0,53.0,83.1,58.9,10.5,609.0,11.7,1.1,67.2,28.3,0.0,2.0,1.583380834758376,,16.8,2.57,27.5,30.4,14.1,21.4,62.0,10.3,29.0,38313.59271624898,64.6,63.7,38.4,10.7,6.77042886197671,29.0,40.6,84.1,50.0,11.4
Veneto,2018,Nord-est,5,58.1,68.4,56.2,51.1,45.6,97.2,72.4,63.3,73.8,36.5,71.3,42.6,80.1,63.0,55.2,69.0,28.1,68.6,47.5,21.0687655763988,484.0,2.8,2.8,68.0,22.8,0.2,12.7,0.23892131803334307,18.733899533086458,22.2,2.34,28.6,28.8,10.9,21.3,64.6,38.3,24.5,33464.08163492258,66.4,59.0,36.7,10.3,16.5894759138378,24.5,29.1,78.3,33.8,21.6
Veneto,2019,Nord-est,5,58.8,69.6,57.4,50.8,46.6,96.7,75.0,57.8,83.8,35.4,70.8,48.7,79.8,63.8,55.1,65.9,27.7,70.8,47.5,20.3,492.0,3.1,3.5,69.9,23.8,0.4,12.0,0.20067797045538646,8.445054391940538,23.1,2.34,29.6,28.9,8.3,22.1,64.7,38.0,24.7,34109.53428214425,65.6,59.2,32.6,10.6,16.9965062591571,24.7,30.6,79.7,33.8,21.6
Veneto,2020,Nord-est,5,58.0,71.3,52.6,52.0,48.8,96.2,74.7,68.4,76.8,32.0,70.8,40.2,74.0,59.8,60.5,58.9,24.9,69.1,62.1,20.3,476.0,4.7,2.9,69.4,23.8,0.3,8.8,0.20145133600511525,17.05530180900534,26.0,2.34,29.6,28.9,11.2,19.2,65.7,31.2,24.8,31322.756845214895,66.9,62.0,33.8,8.0,18.6640576860751,24.8,31.1,75.4,33.8,35.3
Veneto,2021,Nord-est,5,57.1,66.9,50.1,55.5,48.8,95.8,76.6,63.0,59.2,32.0,67.0,44.2,52.4,63.3,56.3,70.6,30.1,70.8,62.1,20.3,476.0,4.3,4.0,73.1,23.8,0.3,11.2,0.5658004732920959,22.019587977034785,26.0,2.34,32.2,33.7,9.3,19.2,65.5,9.0,24.9,33833.91612435169,66.7,59.6,37.3,10.6,15.7940829351492,24.9,31.1,78.7,33.8,35.3
Veneto,2022,Nord-est,5,57.6,66.9,50.1,57.0,48.8,95.8,76.6,63.0,59.2,32.0,67.1,44.2,52.4,63.3,56.3,70.6,30.1,70.8,71.2,20.3,476.0,4.3,4.0,73.1,23.8,0.3,11.2,0.5658004732920959,22.019587977034785,26.0,2.34,32.6,33.2,9.3,19.2,65.5,9.0,24.9,33833.91612435169,66.7,59.6,37.3,10.6,15.7940829351492,24.9,31.1,78.7,40.42553191489361,35.3
