,territorio,anno,1,2,3,4,5,6,7,8,9,10,11,12,13,14,15,16,17,18,19,20,21,22,23,24,25,26,27,28,29,30,area,codice_istat
0,Abruzzo,2018,13.37636986301369,463.0,9.1,16.2,62.3,17.2,0.5,9.1,0.19715961993540065,27.9961359657067,29.9,3.01,31.7,37.8,8.4,8.9,66.7,27.9,31.1,25112.592402178914,66.0,55.7,29.2,6.8,24.5694108248437,31.1,22.8,80.6,23.8,6.5,Sud,13
1,Abruzzo,2019,11.875,463.0,11.9,12.0,67.2,21.5,0.5,9.0,0.4518814082432207,27.9961359657067,31.2,3.01,33.0,38.4,9.9,9.5,67.7,31.8,31.1,25388.41410082479,66.3,56.5,36.5,7.6,22.5096543761741,31.1,19.4,87.9,23.8,16.1,Sud,13
2,Abruzzo,2020,11.875,454.0,12.9,16.9,63.4,21.5,0.2,5.5,0.15152146490952276,23.31687379406212,30.1,2.8,33.0,38.4,10.1,7.4,67.9,26.4,30.9,23547.369047766988,66.9,61.4,36.9,7.0,22.8090762982458,30.9,20.1,88.1,23.8,16.1,Sud,13
3,Abruzzo,2021,11.875,454.0,10.3,18.0,68.1,21.5,0.2,6.5,0.30605889491314814,36.96979207532365,30.1,2.8,36.0,43.6,8.0,7.4,68.3,5.6,30.9,25489.350661712942,66.8,59.3,37.6,9.6,22.3088272234227,30.9,20.1,77.8,23.8,16.1,Sud,13
4,Abruzzo,2022,11.875,454.0,10.3,18.0,68.1,21.5,0.2,6.5,0.30605889491314814,36.96979207532365,30.1,2.8,35.6,43.1,8.0,7.4,68.3,5.6,30.9,25489.350661712942,66.8,59.3,37.6,9.6,22.3088272234227,30.9,20.1,77.8,30.76923076923077,16.1,Sud,13
5,Basilicata,2018,10.4351104276139,356.0,4.6,12.6,58.7,16.1,1.1,5.1,0.230511279781337,36.333628057765985,29.0,2.16,38.2,47.4,11.0,11.1,61.4,29.3,31.7,22955.945754279604,64.5,55.4,30.3,8.6,24.7287355181543,31.7,13.5,73.1,15.4,,Sud,17
6,Basilicata,2019,10.6,355.0,4.9,10.1,57.1,17.8,0.2,3.8,0.230511279781337,40.11644797366,32.4,2.05,37.9,45.2,11.7,11.9,62.7,27.3,31.5,22795.42336211549,66.1,52.7,35.0,7.1,25.9703480143641,31.5,17.3,82.3,15.4,4.8,Sud,17
7,Basilicata,2020,10.6,344.0,4.9,9.3,51.4,17.8,0.5,3.5,0.230511279781337,46.723798437132345,33.6,2.06,37.9,45.2,13.6,6.7,63.3,22.5,31.3,20815.053630735612,66.7,57.6,30.3,6.8,25.8744739604676,31.3,15.3,74.4,15.4,4.8,Sud,17
8,Basilicata,2021,10.6,344.0,6.8,8.2,61.4,17.8,0.5,3.1,0.230511279781337,33.15715604334467,33.6,2.06,41.2,51.5,8.7,6.7,63.3,4.3,31.3,23470.294905174,65.1,55.7,35.6,10.3,24.5717451827728,31.3,15.3,75.2,15.4,4.8,Sud,17
9,Basilicata,2022,10.6,344.0,6.8,8.2,61.4,17.8,0.5,3.1,0.230511279781337,33.15715604334467,33.6,2.06,40.0,48.9,8.7,6.7,63.3,4.3,31.3,23470.294905174,65.1,55.7,35.6,10.3,24.5717451827728,31.3,15.3,75.2,14.285714285714285,4.8,Sud,17
10,Calabria,2018,12.33615015681607,409.0,6.2,39.6,51.7,12.2,1.8,5.7,0.2667275694616938,57.50891124275367,33.8,2.64,48.0,58.3,20.0,8.3,54.2,23.6,26.6,17259.730806005944,65.6,53.7,22.4,5.6,22.0430476358504,26.6,12.2,59.8,41.9,3.2,Sud,18
11,Calabria,2019,11.92307692307692,403.0,3.8,31.2,52.8,16.7,1.6,5.3,0.20613605185558523,50.15576122644192,29.9,2.68,49.0,59.0,18.9,8.0,54.7,23.3,26.7,17517.416853029266,64.6,48.5,23.4,5.5,23.5387846947774,26.7,17.0,76.9,41.9,3.2,Sud,18
12,Calabria,2020,11.92307692307692,381.0,3.0,38.8,51.6,16.7,0.7,3.6,0.20778735042557447,42.98609304454639,30.1,2.7,49.0,59.0,16.9,5.0,54.5,14.8,26.6,16491.733566634706,66.6,52.7,29.1,5.6,24.2102762645752,26.6,15.1,71.9,41.9,9.7,Sud,18
13,Calabria,2021,11.92307692307692,381.0,4.5,28.8,59.3,16.7,0.7,2.6,0.21079657919311287,43.84891859511949,30.1,2.7,51.0,63.2,14.0,5.0,55.7,3.6,26.5,17595.239931108717,67.9,53.8,26.9,7.6,23.1976340853071,26.5,15.1,69.6,41.9,19.4,Sud,18
14,Calabria,2022,11.92307692307692,381.0,4.5,28.8,59.3,16.7,0.7,2.6,0.21079657919311287,43.84891859511949,30.1,2.7,51.0,62.2,14.0,5.0,55.7,3.6,26.5,17595.239931108717,67.9,53.8,26.9,7.6,23.1976340853071,26.5,15.1,69.6,36.84210526315789,19.4,Sud,18
15,Campania,2018,14.17253011347708,453.0,7.3,17.8,57.0,11.8,0.7,7.3,0.20066168189605224,54.9886986481385,35.4,3.32,45.0,54.0,18.4,4.7,53.1,26.1,27.9,18941.793266221568,65.4,55.9,25.0,6.1,24.6083072920565,27.9,15.0,58.2,36.8,23.5,Sud,15
16,Campania,2019,14.0,453.0,6.9,10.6,59.0,16.6,0.6,6.8,0.10224495847150604,58.20169185809129,37.8,3.37,44.9,54.1,17.2,4.2,52.9,30.9,27.9,19395.932438964755,67.4,57.9,26.7,5.4,24.2866904025268,27.9,19.1,55.5,36.8,23.5,Sud,15
17,Campania,2020,14.0,452.0,7.9,15.7,61.8,16.6,0.7,4.7,0.20549074700852563,55.785803846604765,39.1,3.28,44.9,54.1,19.0,2.8,53.4,23.4,27.8,18097.777867047742,66.3,57.1,27.1,5.2,24.5969521292927,27.8,15.6,56.1,36.8,15.7,Sud,15
18,Campania,2021,14.0,452.0,6.8,17.1,66.0,16.6,0.7,5.0,0.2433222384186001,58.521993242092904,39.1,3.28,48.8,60.8,16.4,2.8,53.4,5.8,27.7,19580.140670839035,67.3,57.8,26.1,7.2,24.7357921143607,27.7,15.6,59.9,36.8,15.7,Sud,15
19,Campania,2022,14.0,452.0,6.8,17.1,66.0,16.6,0.7,5.0,0.2433222384186001,58.521993242092904,39.1,3.28,48.0,58.2,16.4,2.8,53.4,5.8,27.7,19580.140670839035,67.3,57.8,26.1,7.2,24.7357921143607,27.7,15.6,59.9,29.629629629629626,15.7,Sud,15
20,Emilia-Romagna,2018,16.84637371107597,661.0,3.6,2.7,69.1,22.1,0.4,17.2,0.18913653570101238,15.815466374764448,24.7,2.92,30.3,32.5,10.8,33.2,68.2,41.3,24.9,36267.160553372116,65.6,58.4,38.8,12.0,13.8987427852168,24.9,35.2,85.2,35.8,36.0,Nord-est,8
21,Emilia-Romagna,2019,16.41666666666667,664.0,4.8,3.3,68.4,25.0,0.5,14.8,0.3930007440814088,17.354669647363423,23.5,2.94,31.7,33.1,11.1,33.2,69.1,40.8,25.1,36544.041467793264,66.0,58.9,40.5,11.3,12.5003117066411,25.1,33.2,82.2,35.8,36.0,Nord-est,8
22,Emilia-Romagna,2020,16.41666666666667,639.0,3.1,3.1,70.6,25.0,0.3,10.3,0.13128312847695162,10.941643417987287,24.4,2.95,31.7,33.1,10.1,31.1,68.9,33.8,25.1,34201.12803639223,67.8,63.0,40.6,9.7,13.347143462405,25.1,31.5,79.0,35.8,32.0,Nord-est,8
23,Emilia-Romagna,2021,16.41666666666667,639.0,3.0,3.6,73.0,25.0,0.3,10.0,0.6166651103213883,10.949610569568389,24.4,2.95,34.5,37.6,9.9,31.1,68.7,9.8,25.3,36913.46292754997,66.3,59.5,41.3,13.1,13.7211895939976,25.3,31.5,81.0,35.8,32.0,Nord-est,8
24,Emilia-Romagna,2022,16.41666666666667,639.0,3.0,3.6,73.0,25.0,0.3,10.0,0.6166651103213883,10.949610569568389,24.4,2.95,34.8,36.9,9.9,31.1,68.7,9.8,25.3,36913.46292754997,66.3,59.5,41.3,13.1,13.7211895939976,25.3,31.5,81.0,48.837209302325576,32.0,Nord-est,8
25,Friuli-Venezia Giulia,2018,14.00213735425535,492.0,3.2,1.2,67.7,22.4,0.7,10.2,0.425146795216886,14.39418507128879,24.0,2.51,25.6,26.7,8.9,38.0,68.6,39.9,28.6,31765.24548893294,66.0,58.3,39.2,12.6,13.3571809822789,28.6,26.9,81.3,35.0,14.3,Nord-est,6
26,Friuli-Venezia Giulia,2019,12.75,499.0,1.8,2.7,67.8,25.8,0.3,8.7,0.425146795216886,7.991379017751078,22.9,2.52,28.3,28.5,8.7,38.6,70.1,38.4,28.7,32530.139267566006,68.0,61.6,37.6,12.1,15.9131865282222,28.7,28.1,77.9,35.0,14.3,Nord-est,6
27,Friuli-Venezia Giulia,2020,12.75,496.0,2.5,1.8,73.6,25.8,0.2,5.0,0.3238945075588881,23.944793549682934,21.0,2.49,28.3,28.5,8.8,32.5,71.2,36.4,28.4,30412.88575213888,68.9,64.0,41.3,9.4,15.9841393515114,28.4,28.8,79.2,35.0,14.3,Nord-est,6
28,Friuli-Venezia Giulia,2021,12.75,496.0,2.3,3.0,70.5,25.8,0.2,5.3,0.3238945075588881,13.77769524494841,21.0,2.49,32.0,35.0,8.6,32.5,70.6,10.9,28.6,32638.4086979384,65.8,59.3,37.0,12.8,14.2018219978323,28.6,28.8,71.6,35.0,14.3,Nord-est,6
29,Friuli-Venezia Giulia,2022,12.75,496.0,2.3,3.0,70.5,25.8,0.2,5.3,0.3238945075588881,13.77769524494841,21.0,2.49,32.1,33.5,8.6,32.5,70.6,10.9,28.6,32638.4086979384,65.8,59.3,37.0,12.8,14.2018219978323,28.6,28.8,71.6,50.0,14.3,Nord-est,6
30,Lazio,2018,12.76834765639359,524.0,7.7,14.4,67.9,22.9,0.4,10.2,0.12029114832117299,31.200157810275797,26.4,3.25,31.2,38.4,11.0,21.1,70.1,39.9,27.1,34514.44034067685,66.6,58.2,39.0,8.3,15.5849889973545,27.1,34.6,81.0,40.2,31.4,Centro,12
31,Lazio,2019,12.58333333333333,517.0,5.5,11.8,70.2,23.9,0.5,9.4,0.2012728832592118,25.3413589941191,26.3,3.28,32.2,39.3,11.6,19.3,70.5,38.6,27.1,35040.3514076053,67.0,57.4,43.6,8.8,15.440451187984,27.1,33.4,78.8,40.2,31.4,Centro,12
32,Lazio,2020,12.58333333333333,490.0,7.5,12.3,72.2,23.9,0.5,6.7,0.13478028959566923,29.229261348080822,20.5,3.23,32.2,39.3,12.2,19.9,71.1,35.9,26.9,32359.57196221487,66.9,60.8,45.5,7.9,16.4628731078706,26.9,29.1,78.7,40.2,31.4,Centro,12
33,Lazio,2021,12.58333333333333,490.0,7.3,12.4,74.8,23.9,0.5,6.8,0.5069666512267156,28.43721528013134,20.5,3.23,35.5,43.9,9.2,19.9,71.3,12.3,27.0,34548.96564219061,65.7,60.2,37.7,10.7,15.7749534484399,27.0,29.1,84.3,40.2,31.4,Centro,12
34,Lazio,2022,12.58333333333333,490.0,7.3,12.4,74.8,23.9,0.5,6.8,0.5069666512267156,28.43721528013134,20.5,3.23,36.1,43.5,9.2,19.9,71.3,12.3,27.0,34548.96564219061,65.7,60.2,37.7,10.7,15.7749534484399,27.0,29.1,84.3,27.27272727272727,31.4,Centro,12
35,Liguria,2018,12.97508446762826,541.0,3.1,3.2,65.6,18.1,0.5,10.7,0.40843107939961454,20.25392528936883,15.3,2.67,31.9,36.4,12.8,27.3,67.3,35.7,26.5,32153.158895466077,67.3,56.8,39.6,9.5,15.3232737348801,26.5,25.5,83.7,25.0,16.1,Nord-ovest,7
36,Liguria,2019,12.14285714285714,538.0,4.8,3.3,63.1,22.0,0.5,9.1,0.3764370484323907,20.252927175245837,18.1,2.79,32.4,35.0,9.7,26.6,68.9,36.4,26.7,32858.291606383675,67.1,58.4,40.9,10.3,14.049301646281,26.7,22.5,83.3,25.0,16.1,Nord-ovest,7
37,Liguria,2020,12.14285714285714,520.0,5.9,3.1,63.8,22.0,0.6,5.5,0.5061327472316121,26.85285059569421,18.6,2.73,32.4,35.0,10.0,22.8,69.4,32.4,26.5,29886.30194979299,66.2,59.8,36.8,9.3,13.463432345217,26.5,26.7,76.1,25.0,19.4,Nord-ovest,7
38,Liguria,2021,12.14285714285714,520.0,8.6,5.3,71.2,22.0,0.6,5.7,0.508477269477063,33.52089403390758,18.6,2.73,37.5,42.2,12.9,22.8,69.0,7.5,26.5,32209.002483651497,67.8,62.9,33.2,11.6,14.7597889792725,26.5,26.7,70.8,25.0,19.4,Nord-ovest,7
39,Liguria,2022,12.14285714285714,520.0,8.6,5.3,71.2,22.0,0.6,5.7,0.508477269477063,33.52089403390758,18.6,2.73,38.6,42.7,12.9,22.8,69.0,7.5,26.5,32209.002483651497,67.8,62.9,33.2,11.6,14.7597889792725,26.5,26.7,70.8,26.666666666666668,19.4,Nord-ovest,7
40,Lombardia,2018,21.32356286726164,481.0,4.1,3.0,72.5,24.2,0.4,14.1,0.22103268355033487,16.569047205076938,18.3,2.61,27.2,29.4,13.1,22.8,65.1,39.6,23.3,39552.491021402144,67.4,58.0,39.9,9.5,15.9339813078905,23.3,25.6,79.8,29.8,24.7,Nord-ovest,3
41,Lombardia,2019,19.76666666666667,483.0,4.9,3.0,71.7,26.6,0.4,11.7,0.23474502142488468,20.49078484158211,19.1,2.59,29.1,30.3,11.3,23.2,64.6,38.6,23.6,39902.70880190035,67.0,58.6,40.0,9.7,15.7078268820812,23.6,26.5,83.9,29.8,24.7,Nord-ovest,3
42,Lombardia,2020,19.76666666666667,468.0,4.4,2.8,70.5,26.6,0.4,6.9,0.19607818146898442,17.27706448196849,21.9,2.52,29.1,30.3,13.1,20.1,65.0,35.2,23.6,37467.12109610675,65.2,59.7,39.0,7.9,14.9106183338043,23.6,28.7,82.5,29.8,24.7,Nord-ovest,3
43,Lombardia,2021,19.76666666666667,468.0,4.3,2.5,73.4,26.6,0.4,8.1,0.39356110419864765,19.06453320900288,21.9,2.52,33.6,36.6,11.3,20.1,64.9,9.3,24.1,40679.632642636316,65.5,59.9,36.6,10.6,13.9126093853519,24.1,28.7,77.3,29.8,24.7,Nord-ovest,3
44,Lombardia,2022,19.76666666666667,468.0,4.3,2.5,73.4,26.6,0.4,8.1,0.39356110419864765,19.06453320900288,21.9,2.52,32.9,34.7,11.3,20.1,64.9,9.3,24.1,40679.632642636316,65.5,59.9,36.6,10.6,13.9126093853519,24.1,28.7,77.3,28.865979381443296,24.7,Nord-ovest,3
45,Marche,2018,12.54492635792983,532.0,5.2,4.0,67.9,21.2,0.6,11.0,0.12653388060642629,19.39244635628386,20.2,2.36,27.5,30.1,9.7,22.8,64.8,31.6,27.2,27557.569125582617,64.9,59.2,31.9,8.9,16.4142977641269,27.2,28.3,83.4,37.5,19.4,Centro,11
46,Marche,2019,12.45454545454546,525.0,5.6,5.8,67.8,21.5,0.3,9.6,0.1283520748754664,24.38370662284136,23.6,2.39,28.3,29.3,8.5,23.7,65.4,34.2,27.4,28134.531175074182,66.4,57.6,35.5,8.2,14.8227855448157,27.4,28.0,95.5,37.5,19.4,Centro,11
47,Marche,2020,12.45454545454546,500.0,5.2,4.1,67.4,21.5,0.6,6.3,0.38763421026959316,22.834773170881146,24.7,2.38,28.3,29.3,9.2,20.3,65.2,27.4,27.4,26119.238427764863,65.5,61.2,40.1,6.7,15.3315238478668,27.4,33.4,90.9,37.5,29.0,Centro,11
48,Marche,2021,12.45454545454546,500.0,5.8,4.4,67.7,21.5,0.6,5.0,0.13049668342679072,9.272044627525645,24.7,2.38,31.7,35.3,7.9,20.3,66.0,7.2,27.6,28331.806065035198,62.2,57.2,36.7,11.4,16.0287021524054,27.6,33.4,84.6,37.5,29.0,Centro,11
49,Marche,2022,12.45454545454546,500.0,5.8,4.4,67.7,21.5,0.6,5.0,0.13049668342679072,9.272044627525645,24.7,2.38,32.5,34.3,7.9,20.3,66.0,7.2,27.6,28331.806065035198,62.2,57.2,36.7,11.4,16.0287021524054,27.6,33.4,84.6,26.666666666666668,29.0,Centro,11
50,Molise,2018,,382.0,2.0,17.8,55.4,15.6,0.0,7.0,,26.929286406199548,31.8,2.06,33.3,41.0,10.2,7.7,62.1,25.1,32.9,20842.961087811273,64.0,55.5,33.6,8.5,22.8016327293772,32.9,21.6,86.6,40.0,28.6,Sud,14
51,Molise,2019,13.66666666666667,368.0,7.9,12.2,58.0,18.9,0.0,6.3,,48.065110565110565,33.5,2.15,34.1,43.4,10.7,8.1,62.4,24.2,32.9,21467.70776637988,64.5,54.4,31.2,8.8,22.7703931902834,32.9,27.6,81.7,40.0,28.6,Sud,14
52,Molise,2020,13.66666666666667,367.0,7.0,15.4,60.5,18.9,0.0,3.4,,46.141215106732346,31.9,1.95,34.1,43.4,9.2,5.2,62.8,21.3,32.6,20321.565003362477,65.1,56.9,31.5,8.0,21.6166901748394,32.6,31.3,81.3,40.0,28.6,Sud,14
53,Molise,2021,13.66666666666667,367.0,11.6,12.3,63.2,18.9,0.0,5.1,,39.740099009900995,31.9,1.95,37.8,47.1,7.6,5.2,63.1,4.1,32.4,21700.12525238745,66.3,56.8,40.6,9.7,24.9135026683797,32.4,31.3,93.1,40.0,28.6,Sud,14
54,Molise,2022,13.66666666666667,367.0,11.6,12.3,63.2,18.9,0.0,5.1,,39.740099009900995,31.9,1.95,39.9,45.0,7.6,5.2,63.1,4.1,32.4,21700.12525238745,66.3,56.8,40.6,9.7,24.9135026683797,32.4,31.3,93.1,25.0,28.6,Sud,14
55,Piemonte,2018,17.7502952787939,498.0,3.3,3.9,64.4,23.0,0.5,14.1,0.32485661825589357,22.458765706768595,21.2,2.24,30.4,34.5,13.5,17.7,62.9,36.9,26.6,31658.90647123894,64.1,57.5,39.4,9.0,13.8395978806735,26.6,24.8,87.3,35.3,25.5,Nord-ovest,1
56,Piemonte,2019,16.28571428571428,496.0,3.6,2.7,63.6,23.6,0.6,12.3,0.13508341400815002,17.256391684260812,22.7,2.23,31.8,34.7,10.7,18.3,63.5,36.3,26.6,31931.606685571427,66.5,57.1,30.6,9.3,13.6090310670952,26.6,30.6,85.6,35.3,15.7,Nord-ovest,1
57,Piemonte,2020,16.28571428571428,486.0,8.7,4.2,64.7,23.6,0.7,7.5,0.5439754268167193,20.40742929875751,23.6,2.17,31.8,34.7,12.1,16.3,63.8,32.5,26.6,29551.425602944255,64.7,59.0,32.8,7.2,13.369144123362,26.6,32.2,84.2,35.3,15.7,Nord-ovest,1
58,Piemonte,2021,16.28571428571428,486.0,9.8,3.8,70.2,23.6,0.7,7.9,0.3653938248900336,18.71767996066658,23.6,2.17,35.9,40.6,11.4,16.3,64.2,9.6,26.6,31948.79936374719,64.5,59.3,31.7,10.8,13.6176699485911,26.6,32.2,77.2,35.3,15.7,Nord-ovest,1
59,Piemonte,2022,16.28571428571428,486.0,9.8,3.8,70.2,23.6,0.7,7.9,0.3653938248900336,18.71767996066658,23.6,2.17,35.7,38.9,11.4,16.3,64.2,9.6,26.6,31948.79936374719,64.5,59.3,31.7,10.8,13.6176699485911,26.6,32.2,77.2,27.906976744186046,15.7,Nord-ovest,1
60,Provincia Autonoma di Bolzano/Bozen,2018,12.88187863508805,500.0,7.3,0.7,74.1,20.2,0.8,7.6,0.5009775324101152,15.658104340900039,13.0,2.55,41.4,32.7,11.0,60.3,69.0,42.9,21.9,47375.79406622517,72.2,70.3,37.0,11.0,10.5075803667605,21.9,21.8,71.3,44.4,25.7,Nord-est,21
61,Provincia Autonoma di Bolzano/Bozen,2019,11.5,497.0,4.4,1.7,70.5,23.6,0.2,9.2,0.18326463963757583,13.490404523013218,14.0,2.58,43.6,34.3,11.6,58.5,68.8,43.3,22.6,48548.4627996237,73.2,71.1,41.6,10.5,11.385261018597,22.6,23.1,72.4,44.4,25.7,Nord-est,21
62,Provincia Autonoma di Bolzano/Bozen,2020,11.5,464.0,6.4,1.2,72.8,23.6,0.6,4.6,0.7428523673776383,11.665317945889667,15.0,2.6,43.6,34.3,13.6,55.0,70.5,38.7,22.7,44888.829653428256,70.3,67.9,38.3,8.1,13.9033273265079,22.7,19.1,69.4,44.4,25.7,Nord-est,21
63,Provincia Autonoma di Bolzano/Bozen,2021,11.5,464.0,8.4,1.7,74.0,23.6,0.6,4.3,0.7415825742926693,12.23471246422066,15.0,2.6,48.4,42.4,12.9,55.0,69.7,9.4,22.9,48043.785663169736,71.2,68.9,30.0,8.9,13.8570035946662,22.9,19.1,68.8,44.4,25.7,Nord-est,21
64,Provincia Autonoma di Bolzano/Bozen,2022,11.5,464.0,8.4,1.7,74.0,23.6,0.6,4.3,0.7415825742926693,12.23471246422066,15.0,2.6,47.7,41.5,12.9,55.0,69.7,9.4,22.9,48043.785663169736,71.2,68.9,30.0,8.9,13.8570035946662,22.9,19.1,68.8,53.84615384615385,25.7,Nord-est,21
65,Provincia Autonoma di Trento,2018,14.90391433658297,514.0,5.2,2.2,74.0,25.7,0.4,10.3,0.12114905028230757,27.21704198613398,15.0,2.36,27.1,25.4,6.8,44.8,70.3,42.6,21.7,38550.73695467944,69.8,65.8,47.8,13.0,12.5550705617883,21.7,35.4,84.7,44.4,25.7,Nord-est,22
66,Provincia Autonoma di Trento,2019,13.66666666666667,519.0,3.6,1.4,73.1,27.8,0.6,9.7,0.3607998210432888,17.507440397386066,16.0,2.44,27.9,24.9,6.7,45.4,69.8,45.8,21.8,39492.69973374954,69.2,61.4,44.9,12.9,12.6924823423718,21.8,43.3,80.5,44.4,25.7,Nord-est,22
67,Provincia Autonoma di Trento,2020,13.66666666666667,486.0,4.4,1.1,74.1,27.8,0.2,4.2,0.3659571976461633,11.665317945889667,18.5,2.37,27.9,24.9,7.8,39.0,70.1,38.7,22.0,37120.10198234645,69.7,65.2,41.3,11.7,12.2558427518686,22.0,40.0,82.3,44.4,25.7,Nord-est,22
68,Provincia Autonoma di Trento,2021,13.66666666666667,486.0,3.0,1.6,74.7,27.8,0.2,3.5,0.36322294987886516,12.23471246422066,18.5,2.37,32.0,31.2,8.8,39.0,70.4,12.0,22.3,39947.36935376662,66.1,63.6,41.5,15.1,11.6534918713745,22.3,40.0,79.8,44.4,25.7,Nord-est,22
69,Provincia Autonoma di Trento,2022,13.66666666666667,486.0,3.0,1.6,74.7,27.8,0.2,3.5,0.36322294987886516,12.23471246422066,18.5,2.37,32.4,30.6,8.8,39.0,70.4,12.0,22.3,39947.36935376662,66.1,63.6,41.5,15.1,11.6534918713745,22.3,40.0,79.8,53.84615384615385,25.7,Nord-est,22
70,Puglia,2018,13.88568386561016,476.0,5.9,11.0,55.0,13.0,0.8,10.6,0.15990395528829565,42.13243754140284,29.2,2.76,38.3,45.1,17.6,7.4,50.3,26.6,26.3,18818.142137054314,66.0,56.2,30.0,5.6,25.6120402683783,26.3,19.1,75.2,41.3,9.8,Sud,16
71,Puglia,2019,12.40740740740741,472.0,6.1,7.8,55.3,18.0,0.7,8.7,0.1473854919125896,37.24031137784073,31.2,2.83,38.3,44.7,17.8,8.2,51.4,30.5,26.3,19128.302809756835,66.6,56.3,26.0,6.1,26.7645416938715,26.3,26.8,75.9,41.3,9.8,Sud,16
72,Puglia,2020,12.40740740740741,469.0,6.0,7.6,57.8,18.0,0.6,6.7,0.049430462214366075,35.602636549799115,33.8,2.76,38.3,44.7,18.5,6.1,51.4,23.2,26.2,18035.911913528595,67.4,60.7,25.0,5.6,26.5651028167067,26.2,29.6,69.6,41.3,13.7,Sud,16
73,Puglia,2021,12.40740740740741,469.0,5.2,7.1,61.7,18.0,0.6,5.6,0.39704745585638795,31.210953418451005,33.8,2.76,42.0,49.3,17.6,6.1,51.7,5.0,26.4,19426.81064199165,66.2,58.8,27.9,7.4,25.9591444193577,26.4,29.6,64.5,41.3,13.7,Sud,16
74,Puglia,2022,12.40740740740741,469.0,5.2,7.1,61.7,18.0,0.6,5.6,0.39704745585638795,31.210953418451005,33.8,2.76,42.5,50.3,17.6,6.1,51.7,5.0,26.4,19426.81064199165,66.2,58.8,27.9,7.4,25.9591444193577,26.4,29.6,64.5,25.0,13.7,Sud,16
75,Sardegna,2018,10.2087107960955,461.0,9.2,17.6,66.8,20.8,0.7,6.0,0.3175615717154259,45.81308870218028,20.7,3.41,39.9,51.3,22.8,28.0,51.6,30.1,25.7,21139.329296077707,67.8,56.2,26.9,9.3,15.3151073119968,25.7,35.9,78.6,28.0,6.7,Isole,20
76,Sardegna,2019,9.4,456.0,3.4,14.7,64.6,23.0,0.7,5.1,0.36477933889824476,36.097944160158,21.4,3.35,40.0,51.0,17.7,29.7,54.2,34.5,25.7,21725.245189560268,66.6,53.8,25.6,9.7,12.7511405894176,25.7,29.1,81.6,28.0,13.3,Isole,20
77,Sardegna,2020,9.4,445.0,9.4,12.9,65.7,23.0,0.6,3.2,0.36727595707523464,42.677367075124764,22.1,3.19,40.0,51.0,12.9,25.9,54.1,26.1,25.7,20105.069026111945,66.5,57.7,31.8,10.2,13.1509517117932,25.7,32.3,77.6,28.0,13.3,Isole,20
78,Sardegna,2021,9.4,445.0,5.9,14.0,70.3,23.0,0.6,2.7,0.24707082099780786,45.18148210384809,22.1,3.19,45.9,57.0,13.2,25.9,54.2,7.0,25.9,21745.53307861774,69.0,56.3,31.1,12.2,14.324737005715,25.9,32.3,76.8,28.0,13.3,Isole,20
79,Sardegna,2022,9.4,445.0,5.9,14.0,70.3,23.0,0.6,2.7,0.24707082099780786,45.18148210384809,22.1,3.19,44.2,55.3,13.2,25.9,54.2,7.0,25.9,21745.53307861774,69.0,56.3,31.1,12.2,14.324737005715,25.9,32.3,76.8,31.25,13.3,Isole,20
80,Sicilia,2018,11.14382920153172,465.0,5.3,29.3,53.6,11.9,0.7,9.1,0.14163839961227132,57.092961313267686,32.5,3.33,47.3,56.6,22.0,8.8,51.5,25.7,27.7,17929.84522312909,65.5,55.3,26.8,5.6,23.2370845961614,27.7,21.4,63.5,43.8,21.4,Isole,19
81,Sicilia,2019,10.0,457.0,5.1,27.3,54.3,14.4,0.7,7.2,0.35819163371801127,50.986829423443915,30.3,3.35,47.6,57.3,22.3,9.4,52.0,26.2,27.7,18242.844860279238,66.8,55.3,25.7,5.0,22.8125438436235,27.7,24.3,65.4,43.8,21.4,Isole,19
82,Sicilia,2020,10.0,443.0,7.7,21.9,54.7,14.4,0.7,5.6,0.24041346307379433,50.3164413211594,29.4,3.28,47.6,57.3,21.8,8.3,52.1,21.4,27.7,17212.055794005562,67.0,57.5,23.6,4.4,23.6994553384864,27.7,24.4,75.4,43.8,21.4,Isole,19
83,Sicilia,2021,10.0,443.0,6.7,29.0,60.9,14.4,0.7,4.0,0.5244631816760633,56.218061904381045,29.4,3.28,50.5,61.6,21.2,8.3,52.4,5.5,27.6,18282.836041377883,65.4,57.7,22.6,6.8,24.0986804215462,27.6,24.4,69.1,43.8,21.4,Isole,19
84,Sicilia,2022,10.0,443.0,6.7,29.0,60.9,14.4,0.7,4.0,0.5244631816760633,56.218061904381045,29.4,3.28,51.3,61.7,21.2,8.3,52.4,5.5,27.6,18282.836041377883,65.4,57.7,22.6,6.8,24.0986804215462,27.6,24.4,69.1,39.58333333333333,21.4,Isole,19
85,Toscana,2018,14.22415130710057,616.0,2.8,8.0,68.0,22.0,0.4,19.1,0.30985154926204983,27.164103623400027,22.8,3.11,31.4,33.0,10.3,31.4,64.9,40.7,28.0,31756.71526964686,66.2,60.3,34.2,10.3,12.2106975400675,28.0,35.9,84.1,33.3,26.8,Centro,9
86,Toscana,2019,13.33333333333333,616.0,3.9,6.0,66.1,23.8,0.4,16.6,0.20933919727314762,20.677179243462405,20.8,3.11,32.5,33.8,10.1,33.3,64.8,36.9,28.1,33049.05212529417,66.4,58.4,33.8,9.8,12.7193533380505,28.1,42.3,83.5,33.3,26.8,Centro,9
87,Toscana,2020,13.33333333333333,583.0,5.4,5.3,67.8,23.8,0.4,9.5,0.1577554553808414,24.10120277800092,23.5,2.98,32.5,33.8,12.9,26.0,64.8,32.3,28.0,29235.81317734991,66.6,62.2,35.7,8.4,13.3832765379085,28.0,37.3,81.2,33.3,35.0,Centro,9
88,Toscana,2021,13.33333333333333,583.0,5.3,6.8,72.7,23.8,0.4,10.1,0.21054676098810648,20.67423416333068,23.5,2.98,35.7,38.4,11.1,26.0,65.3,9.9,28.3,31246.79276726482,66.1,61.6,35.4,10.8,13.0193424506134,28.3,37.3,87.6,33.3,35.0,Centro,9
89,Toscana,2022,13.33333333333333,583.0,5.3,6.8,72.7,23.8,0.4,10.1,0.21054676098810648,20.67423416333068,23.5,2.98,36.0,37.9,11.1,26.0,65.3,9.9,28.3,31246.79276726482,66.1,61.6,35.4,10.8,13.0193424506134,28.3,37.3,87.6,36.11111111111111,35.0,Centro,9
90,Umbria,2018,14.64495196594364,526.0,5.8,6.4,63.4,20.4,0.6,16.0,0.7170442860891973,25.639125879359376,21.3,2.93,28.5,31.2,8.3,18.6,68.3,37.1,30.4,26085.609852588273,64.2,57.2,37.2,10.1,16.5626822875446,30.4,39.2,82.4,37.5,19.0,Centro,10
91,Umbria,2019,13.23809523809524,521.0,6.9,8.2,66.0,22.3,0.6,15.1,0.22159093427169707,14.909173823820021,21.7,2.98,29.6,32.2,9.3,18.6,71.3,34.8,30.3,26351.755292431193,64.7,56.8,38.9,10.8,13.6451420791175,30.3,32.4,86.8,37.5,38.1,Centro,10
92,Umbria,2020,13.23809523809524,506.0,7.7,5.5,63.4,22.3,0.1,8.4,0.22159093427169707,14.909173823820021,26.4,2.89,29.6,32.2,12.6,15.5,71.2,28.1,30.2,24294.132135284628,65.6,62.5,42.1,8.9,13.3008645864346,30.2,30.6,80.2,37.5,38.1,Centro,10
93,Umbria,2021,13.23809523809524,506.0,5.9,3.9,70.1,22.3,0.1,9.2,0.22410771513220112,12.68946482035928,26.4,2.89,32.6,38.2,12.0,15.5,71.3,8.1,30.3,26359.166295093375,60.5,60.1,45.1,12.0,13.7662215363381,30.3,30.6,74.3,37.5,38.1,Centro,10
94,Umbria,2022,13.23809523809524,506.0,5.9,3.9,70.1,22.3,0.1,9.2,0.22410771513220112,12.68946482035928,26.4,2.89,30.2,34.9,12.0,15.5,71.3,8.1,30.3,26359.166295093375,60.5,60.1,45.1,12.0,13.7662215363381,30.3,30.6,74.3,33.33333333333333,38.1,Centro,10
95,Valle d'Aosta/Vallée d'Aoste,2018,11.3600616528766,596.0,4.2,3.5,64.2,22.4,0.0,8.2,,,17.7,2.7,26.7,29.7,15.1,23.7,61.0,35.7,29.3,38378.54604447974,65.4,58.0,42.7,8.7,7.47699674558769,29.3,43.6,88.5,50.0,22.9,Nord-ovest,2
96,Valle d'Aosta/Vallée d'Aoste,2019,10.5,605.0,3.5,5.2,65.7,28.3,0.0,4.8,,,21.7,2.63,29.0,30.3,14.1,24.1,61.9,36.4,29.2,38856.72268156425,67.2,60.2,38.1,10.2,8.58762068762781,29.2,41.9,86.6,50.0,22.9,Nord-ovest,2
97,Valle d'Aosta/Vallée d'Aoste,2020,10.5,609.0,9.7,3.0,68.2,28.3,0.0,3.2,,,16.8,2.57,29.0,30.3,13.2,21.4,61.2,35.2,29.2,35683.1432905297,67.3,64.0,39.2,8.7,7.86215999840919,29.2,35.1,81.7,50.0,11.4,Nord-ovest,2
98,Valle d'Aosta/Vallée d'Aoste,2021,10.5,609.0,11.7,1.1,67.2,28.3,0.0,2.0,1.583380834758376,,16.8,2.57,30.8,35.6,14.1,21.4,62.0,10.3,29.0,38313.59271624898,64.6,63.7,38.4,10.7,6.77042886197671,29.0,35.1,84.1,50.0,11.4,Nord-ovest,2
99,Valle d'Aosta/Vallée d'Aoste,2022,10.5,609.0,11.7,1.1,67.2,28.3,0.0,2.0,1.583380834758376,,16.8,2.57,27.5,30.4,14.1,21.4,62.0,10.3,29.0,38313.59271624898,64.6,63.7,38.4,10.7,6.77042886197671,29.0,35.1,84.1,50.0,11.4,Nord-ovest,2
100,Veneto,2018,21.0687655763988,484.0,2.8,2.8,68.0,22.8,0.2,12.7,0.23892131803334307,18.733899533086458,22.2,2.34,28.6,28.8,10.9,21.3,64.6,38.3,24.5,33464.08163492258,66.4,59.0,36.7,10.3,16.5894759138378,24.5,32.9,78.3,33.8,21.6,Nord-est,5
101,Veneto,2019,20.3,492.0,3.1,3.5,69.9,23.8,0.4,12.0,0.20067797045538646,8.445054391940538,23.1,2.34,29.6,28.9,8.3,22.1,64.7,38.0,24.7,34109.53428214425,65.6,59.2,32.6,10.6,16.9965062591571,24.7,33.9,79.7,33.8,21.6,Nord-est,5
102,Veneto,2020,20.3,476.0,4.7,2.9,69.4,23.8,0.3,8.8,0.20145133600511525,17.05530180900534,26.0,2.34,29.6,28.9,11.2,19.2,65.7,31.2,24.8,31322.756845214895,66.9,62.0,33.8,8.0,18.6640576860751,24.8,35.3,75.4,33.8,35.3,Nord-est,5
103,Veneto,2021,20.3,476.0,4.3,4.0,73.1,23.8,0.3,11.2,0.5658004732920959,22.019587977034785,26.0,2.34,32.2,33.7,9.3,19.2,65.5,9.0,24.9,33833.91612435169,66.7,59.6,37.3,10.6,15.7940829351492,24.9,35.3,78.7,33.8,35.3,Nord-est,5
104,Veneto,2022,20.3,476.0,4.3,4.0,73.1,23.8,0.3,11.2,0.5658004732920959,22.019587977034785,26.0,2.34,32.6,33.2,9.3,19.2,65.5,9.0,24.9,33833.91612435169,66.7,59.6,37.3,10.6,15.7940829351492,24.9,35.3,78.7,40.42553191489361,35.3,Nord-est,5
